<?xml version="1.0" encoding="UTF-8"?>
<project-private xmlns="http://www.netbeans.org/ns/project-private/1">
    <editor-bookmarks xmlns="http://www.netbeans.org/ns/editor-bookmarks/2" lastBookmarkId="0"/>
    <open-files xmlns="http://www.netbeans.org/ns/projectui-open-files/2">
        <group>
            <file>file:/C:/Users/dques/Escritorio/ProyectoProgra/Proyecto/src/proyecto/Citas.java</file>
            <file>file:/C:/Users/dques/Escritorio/ProyectoProgra/Proyecto/src/proyecto/Proyecto.java</file>
            <file>file:/C:/Users/dques/Escritorio/ProyectoProgra/Proyecto/src/proyecto/Clientes.java</file>
            <file>file:/C:/Users/dques/Escritorio/ProyectoProgra/Proyecto/src/proyecto/Calendario.java</file>
            <file>file:/C:/Users/dques/Escritorio/ProyectoProgra/Proyecto/src/proyecto/Barberos.java</file>
        </group>
    </open-files>
</project-private>
